<?xml version="1.0" encoding="UTF-8"?>

<!DOCTYPE hibernate-configuration PUBLIC
"-//Hibernate/Hibernate Configuration DTD 3.0//EN"
"http://hibernate.sourceforge.net/hibernate-configuration-3.0.dtd">
<hibernate-configuration>
 <session-factory>
<!-- Database connection settings -->
	<property name="hibernate.connection.driver_class">com.mysql.cj.jdbc.Driver</property>
	<property name="hibernate.connection.url">jdbc:mysql://localhost:3306/meradb</property>
	<property name="hibernate.connection.username">root</property>
	<property name="hibernate.connection.password">root</property>
	<property name="hibernate.current_session_context_class">thread</property>
	
	<!-- JDBC connection pool settings -->
	<property name="hibernate.c3p0.min_size">5</property>
	<property name="hibernate.c3p0.max_size">20</property>
	
	<!-- Other Hibernate properties -->
	<property name="hibernate.dialect">org.hibernate.dialect.MySQL5Dialect</property>
	<property name="hibernate.show_sql">true</property>
	<property name="hibernate.hbm2ddl.auto">update</property>
	<mapping class="com.example4.model.Department"></mapping>
	<mapping class="com.example4.model.Employee"></mapping>
  </session-factory>
</hibernate-configuration>

